dataset,filename,resize_percent,PSNR,SSIM,BRISQUE,NIQE
dataset1,1.png,25,27.7731399150098,0.21711561625333434,,143.5346107801896
dataset1,1.png,50,27.79833173933719,0.23427692404614592,,143.56303838543096
dataset1,1.png,75,27.795689213008437,0.24035041815123862,,143.7395754420105
dataset1,1.png,100,27.789972533257817,0.24339526026144834,,143.56711585615898
dataset1,111.png,25,27.962106552066736,0.16041820638181578,,161.42929292622418
dataset1,111.png,50,27.966699568702154,0.18048913241719228,,161.4462606528595
dataset1,111.png,75,27.963901796333968,0.18858878307025517,,161.62556827000054
dataset1,111.png,100,27.977365995185117,0.19314972168108616,,161.44425601585976
dataset1,146.png,25,28.442363249290285,0.2433065516733441,,154.53377798131305
dataset1,146.png,50,28.437974029454082,0.2548588364402542,,154.5164850397799
dataset1,146.png,75,28.48700648412509,0.2579816581759425,,154.6699665494368
dataset1,146.png,100,28.5394620700154,0.25865459370410665,,154.39858949005327
dataset1,179.png,25,27.80688520188297,0.4239294359471907,,164.53114203758915
dataset1,179.png,50,27.813403434215203,0.43803600965465916,,164.53449490743702
dataset1,179.png,75,27.81438988707338,0.43747818484270395,,164.62124128690863
dataset1,179.png,100,27.797829467062563,0.4316175616292794,,164.21698522340387
dataset1,22.png,25,27.626254141885628,0.15640760436903775,,159.18757991548566
dataset1,22.png,50,27.639430865630708,0.1773518302498759,,159.18250639503353
dataset1,22.png,75,27.643380630296377,0.18493028014075721,,159.35093309834957
dataset1,22.png,100,27.65576964765298,0.18846764029763302,,159.17790947544063
dataset1,23.png,25,27.87842330961284,0.0622429190142887,,174.4006005072078
dataset1,23.png,50,27.91550102167384,0.07442941997357827,,174.40639257397314
dataset1,23.png,75,27.90750679884475,0.07832214058593734,,174.58132651027023
dataset1,23.png,100,27.914456444060207,0.08109399964028546,,174.41931432819155
dataset1,493.png,25,28.554607309328873,0.097245363402725,,178.70751296970826
dataset1,493.png,50,28.550823420339363,0.12331356235003914,,178.76110126411228
dataset1,493.png,75,28.575636711074658,0.13168219153117106,,178.9396747284434
dataset1,493.png,100,28.69002039455577,0.13565325483934834,,178.82325164261107
dataset1,547.png,25,27.724984131208345,0.18347226579219264,,167.88845416326745
dataset1,547.png,50,27.71172267935787,0.21059184188507227,,167.89908054192023
dataset1,547.png,75,27.713677122344116,0.2177374580005597,,168.07349391287147
dataset1,547.png,100,27.718457503777362,0.21884928907377332,,167.84904064657698
dataset1,55.png,25,27.693876294912585,0.062409226215221825,,173.6170309679141
dataset1,55.png,50,27.686033625663136,0.07552268910713622,,173.63051207651387
dataset1,55.png,75,27.683887681542338,0.07975414165353774,,173.8101129984289
dataset1,55.png,100,27.687282440721535,0.08322902059999372,,173.65272071672757
dataset1,665.png,25,28.167450107029207,0.08477970172580143,,177.9772502945525
dataset1,665.png,50,28.158830566045413,0.0970117757499471,,177.96433413011053
dataset1,665.png,75,28.166678042596555,0.09716949453082338,,178.12973636610704
dataset1,665.png,100,28.1615324193372,0.09462716899758578,,177.91126557100438
dataset1,669.png,25,28.17147647315833,0.16922826353770137,,165.78871977900974
dataset1,669.png,50,28.181748916726814,0.18843739410489063,,165.81468424942088
dataset1,669.png,75,28.174582185889726,0.19498573680507736,,165.96616743808448
dataset1,669.png,100,28.169334293273785,0.19680567114238448,,165.75615959104096
dataset1,748.png,25,27.63412077330098,0.17486370230897638,,170.11774085476398
dataset1,748.png,50,27.629243623549655,0.1897825764046491,,169.8827044449188
dataset1,748.png,75,27.629635822169295,0.1952997484401751,,169.90771757426333
dataset1,748.png,100,27.62669382890334,0.1982651239869555,,169.2022314128517
dataset1,778.png,25,27.836517580074897,0.06709562014800058,,176.50828456476358
dataset1,778.png,50,27.826563125240845,0.0779652832014508,,176.60942682173595
dataset1,778.png,75,27.838972859289015,0.0799272221740948,,176.67241941411174
dataset1,778.png,100,27.848285079479428,0.08048829877975534,,176.17080263264526
dataset1,780.png,25,28.01878446273783,0.22573188627625396,,167.32941924335154
dataset1,780.png,50,28.02493419861166,0.2370238814877596,,167.3772063150672
dataset1,780.png,75,28.021237101232114,0.23562441296546024,,167.42781598732464
dataset1,780.png,100,28.00413836427139,0.23559586474984084,,167.03352459658154
dataset1,79.png,25,27.867749484864767,0.1656297131489682,,159.08066430823487
dataset1,79.png,50,27.84450645916181,0.1939996325023802,,159.0761986683184
dataset1,79.png,75,27.83082561162372,0.20402836763356957,,159.24455974745464
dataset1,79.png,100,27.80690692353168,0.20673045693672312,,159.0096547186718
dataset2,uieb_10945.png,25,27.724655689890916,0.685342827700317,,69.98981924152315
dataset2,uieb_10945.png,50,27.73324639088724,0.7298708569140052,,70.00794286965427
dataset2,uieb_10945.png,75,27.73105822326258,0.7595856118195291,,70.05093079819777
dataset2,uieb_10945.png,100,27.73063496324092,0.7759785321046981,,70.01138232066103
dataset2,uieb_112_img_.png,25,28.477614950178612,0.6848513112313727,,54.50352510640465
dataset2,uieb_112_img_.png,50,28.476945148899297,0.7258302161121701,,54.77610200276524
dataset2,uieb_112_img_.png,75,28.472198842788828,0.7442648578966726,,54.512690954261146
dataset2,uieb_112_img_.png,100,28.463049392358897,0.7434759695077336,,54.578202137653946
dataset2,uieb_117_img_.png,25,27.923624494902406,0.7571587798316072,,41.46987183003066
dataset2,uieb_117_img_.png,50,27.917165496900957,0.745964819109964,,41.591611821018006
dataset2,uieb_117_img_.png,75,27.93429932565346,0.7434489481200883,,41.63087775662861
dataset2,uieb_117_img_.png,100,27.990356884267605,0.7407281231537315,,41.04256967564555
dataset2,uieb_120_img_.png,25,27.855243593446243,0.5517911046468356,,43.073065643872724
dataset2,uieb_120_img_.png,50,27.845717328535354,0.5675789257114399,,43.08126535920802
dataset2,uieb_120_img_.png,75,27.832900295930614,0.580496164899585,,42.81499210007415
dataset2,uieb_120_img_.png,100,27.832871280549654,0.5836405083790585,,42.68535376685503
dataset2,uieb_12324.png,25,27.648811181771585,0.45221683593077705,,105.13072713675751
dataset2,uieb_12324.png,50,27.639574604879908,0.46322059934487847,,105.1345617820724
dataset2,uieb_12324.png,75,27.607430867801057,0.4699304405967953,,105.25077734011437
dataset2,uieb_12324.png,100,27.459797791099017,0.4738580630401067,,105.03056652646626
dataset2,uieb_140_img_.png,25,28.361412772074644,0.7076743507483765,,68.08339583610342
dataset2,uieb_140_img_.png,50,28.351780898913482,0.7310640064452689,,68.09536143856218
dataset2,uieb_140_img_.png,75,28.346843807015134,0.7446654804579582,,68.07143315164308
dataset2,uieb_140_img_.png,100,28.327381651769826,0.7450715435798775,,67.82799734913444
dataset2,uieb_151_img_.png,25,28.513418857149063,0.8153684739670926,,57.3888568009921
dataset2,uieb_151_img_.png,50,28.506557338553925,0.8360626286291224,,57.41017108192922
dataset2,uieb_151_img_.png,75,28.504804969952936,0.8464980384146741,,57.524801583648006
dataset2,uieb_151_img_.png,100,28.500180646232216,0.8471992550220674,,57.192076999503506
dataset2,uieb_152_img_.png,25,27.76480115935516,0.8587500635979948,,40.91904772999339
dataset2,uieb_152_img_.png,50,27.749847543466622,0.8715320977198857,,40.91334445064171
dataset2,uieb_152_img_.png,75,27.746051066851997,0.8763390786865458,,40.84149686450686
dataset2,uieb_152_img_.png,100,27.747373082110958,0.8758426027695865,,40.42802176546176
dataset2,uieb_177_img_.png,25,28.630162814872612,0.9417891538444174,,54.17338712799301
dataset2,uieb_177_img_.png,50,28.642083920260923,0.9360243162380995,,54.20748982161204
dataset2,uieb_177_img_.png,75,28.636099008647754,0.9323036902631381,,54.19255154336381
dataset2,uieb_177_img_.png,100,28.64653012691179,0.9259465645499263,,53.506932373126546
dataset2,uieb_18_img_.png,25,27.833840090873355,0.4883022271782918,,54.295322786242885
dataset2,uieb_18_img_.png,50,27.823498337064013,0.49404733713367316,,54.256214610571114
dataset2,uieb_18_img_.png,75,27.82814972438762,0.5029026547337963,,54.264778784992345
dataset2,uieb_18_img_.png,100,27.748458136636373,0.49509129068065666,,53.93099932727175
dataset2,uieb_191_img_.png,25,27.63432981883645,0.8111319786119376,,29.320901759815754
dataset2,uieb_191_img_.png,50,27.62230106651835,0.8194179185957619,,29.298929860490816
dataset2,uieb_191_img_.png,75,27.625693655159136,0.8220584916118759,,29.393123425062107
dataset2,uieb_191_img_.png,100,27.630319331419003,0.8223216206029446,,29.037568019527818
dataset2,uieb_192_img_.png,25,27.982675149186825,0.8437852760650668,,46.44003060908575
dataset2,uieb_192_img_.png,50,27.96756907763358,0.8301222969825088,,46.550937645516875
dataset2,uieb_192_img_.png,75,27.991408248403175,0.8251256477224566,,46.46156007215159
dataset2,uieb_192_img_.png,100,28.048891450491116,0.8208415404384034,,45.54584856665068
dataset2,uieb_206_img_.png,25,28.40909596104592,0.8218382498906086,,33.090189306660086
dataset2,uieb_206_img_.png,50,28.42461885279349,0.821471102171071,,33.132301732556
dataset2,uieb_206_img_.png,75,28.409137495029157,0.8223856685409763,,33.14935283951486
dataset2,uieb_206_img_.png,100,28.39404245279661,0.8192851055654742,,32.510963961351166
dataset2,uieb_236_img_.png,25,27.991747464857745,0.5521954159294593,,45.44635988130459
dataset2,uieb_236_img_.png,50,27.975404073192315,0.556002513335408,,45.43603836542142
dataset2,uieb_236_img_.png,75,27.96715140869956,0.561870812419627,,45.0423337006784
dataset2,uieb_236_img_.png,100,27.937829672641676,0.5603627148159176,,44.6143515047239
dataset2,uieb_265_img_.png,25,27.88092636640829,0.5315024231663251,,40.39370573304394
dataset2,uieb_265_img_.png,50,27.875878714486827,0.5619162344551827,,40.416463439102074
dataset2,uieb_265_img_.png,75,27.873172170412687,0.581578339862661,,40.553589933760826
dataset2,uieb_265_img_.png,100,27.85618205555512,0.5862863699383519,,40.2766958377416
dataset2,uieb_26_img_.png,25,28.03770029744129,0.5882522956861251,,59.052423382449334
dataset2,uieb_26_img_.png,50,28.052512484059857,0.6284374543220914,,59.03330605606855
dataset2,uieb_26_img_.png,75,28.049526959650194,0.6546413875576491,,58.81996825256724
dataset2,uieb_26_img_.png,100,28.053416559458103,0.6620681015893591,,58.81064158878297
dataset2,uieb_28_img_.png,25,29.735818294860373,0.9490594866965971,,12.972520460195618
dataset2,uieb_28_img_.png,50,29.736445648110916,0.9540356608862552,,12.981813127033703
dataset2,uieb_28_img_.png,75,29.73537333549803,0.9567058326382216,,13.07136640809545
dataset2,uieb_28_img_.png,100,29.73615985554641,0.9584539643511251,,12.727821563083523
dataset2,uieb_305_img_.png,25,30.969887771517357,0.9600081185250223,,74.10948193990302
dataset2,uieb_305_img_.png,50,30.93524739646004,0.9629626232302362,,73.56810211125514
dataset2,uieb_305_img_.png,75,30.947351156818716,0.9643352198515427,,73.46603691793229
dataset2,uieb_305_img_.png,100,30.93482960261894,0.9637143109551788,,71.88763620718566
dataset2,uieb_3202.png,25,28.203774271200835,0.9126890383081553,,98.39251360444246
dataset2,uieb_3202.png,50,28.204994356169237,0.9206640336099287,,98.42476330895724
dataset2,uieb_3202.png,75,28.203888917386912,0.92575513355878,,98.5277522063798
dataset2,uieb_3202.png,100,28.207553848883965,0.9289013529226845,,98.441648233181
dataset2,uieb_343_img_.png,25,28.14580385986624,0.8964035940798198,,61.77865763741429
dataset2,uieb_343_img_.png,50,28.132133273345804,0.9046876780768011,,62.0755808875959
dataset2,uieb_343_img_.png,75,28.145000739556178,0.9083222428151038,,61.929714854964814
dataset2,uieb_343_img_.png,100,28.145961092836963,0.908736488102247,,61.14457654377656
dataset2,uieb_346_img_.png,25,28.4310289321365,0.9413600637530849,,47.67384352545399
dataset2,uieb_346_img_.png,50,28.445254997662587,0.9442030795856041,,47.69690459664762
dataset2,uieb_346_img_.png,75,28.42385235502265,0.9446207287837317,,47.70239664280593
dataset2,uieb_346_img_.png,100,28.33132401229776,0.9428071874987275,,46.1844532096883
dataset2,uieb_348_img_.png,25,28.01357733898783,0.7443009462151394,,64.51889534732925
dataset2,uieb_348_img_.png,50,28.04758478668999,0.7833016523495406,,65.40670773443175
dataset2,uieb_348_img_.png,75,28.05204426074797,0.8068390002528512,,65.14778535379814
dataset2,uieb_348_img_.png,100,28.04200783417872,0.8195554089858255,,64.72455216626163
dataset2,uieb_353_img_.png,25,27.714276842691866,0.6896618068331001,,73.79168621319819
dataset2,uieb_353_img_.png,50,27.727685292670184,0.6734274901939014,,73.58319057534756
dataset2,uieb_353_img_.png,75,27.75224085777323,0.6690384536065158,,73.64139645331808
dataset2,uieb_353_img_.png,100,27.858964842930156,0.6596361060499859,,72.48545680264193
dataset2,uieb_367_img_.png,25,29.15619726623405,0.9295384793963178,,30.73787562948818
dataset2,uieb_367_img_.png,50,29.205986607206338,0.9268119532747069,,30.521054208789437
dataset2,uieb_367_img_.png,75,29.158554517864353,0.9262341257046212,,30.475590676141458
dataset2,uieb_367_img_.png,100,29.094998159860808,0.9262787459792795,,29.630830928668864
dataset2,uieb_387_img_.png,25,28.031254789062817,0.5132732995818217,,125.12193666931458
dataset2,uieb_387_img_.png,50,28.013205572245216,0.5311161931853018,,125.08062311457627
dataset2,uieb_387_img_.png,75,28.01575129269869,0.5404834896816563,,125.03571652625945
dataset2,uieb_387_img_.png,100,28.02493752883692,0.5454951368895732,,124.6234874991282
dataset2,uieb_393_img_.png,25,27.845080208965914,0.7217206682495384,,35.26758260147432
dataset2,uieb_393_img_.png,50,27.843683726996503,0.7262379141015503,,35.38150711012708
dataset2,uieb_393_img_.png,75,27.837885683225654,0.7374506318141782,,35.25345980318239
dataset2,uieb_393_img_.png,100,27.838983445616023,0.7425541982638462,,35.237421412009795
dataset2,uieb_406_img_.png,25,27.978814753537943,0.839329557164695,,50.375304758267845
dataset2,uieb_406_img_.png,50,27.967175702872915,0.8613157208468359,,50.37552753284782
dataset2,uieb_406_img_.png,75,27.96681140538069,0.8723293999938836,,50.14357348676149
dataset2,uieb_406_img_.png,100,27.969434777389086,0.8785157507828014,,50.12139009590388
dataset2,uieb_415_img_.png,25,27.51587999957995,0.931395945228959,,54.92646839459996
dataset2,uieb_415_img_.png,50,27.51244876853451,0.9346250686281127,,55.00776189313365
dataset2,uieb_415_img_.png,75,27.51776212965572,0.9352561988402591,,54.81530316974042
dataset2,uieb_415_img_.png,100,27.52815280768534,0.9343623758205913,,53.71199344050909
dataset2,uieb_417_img_.png,25,27.993478648630695,0.8116276047412032,,71.31246212780096
dataset2,uieb_417_img_.png,50,27.994915308218665,0.8425209204421357,,71.28991615440873
dataset2,uieb_417_img_.png,75,27.990797004718285,0.8586100815848731,,71.19648968044564
dataset2,uieb_417_img_.png,100,27.997845991332465,0.8654121361001338,,70.92317861822954
dataset2,uieb_419_img_.png,25,28.41409139406673,0.8499129722858211,,96.48252574157675
dataset2,uieb_419_img_.png,50,28.403436759030896,0.8674115816871019,,96.37083092036498
dataset2,uieb_419_img_.png,75,28.410392227442543,0.8774113572449682,,96.49897889987004
dataset2,uieb_419_img_.png,100,28.417492999998316,0.8830901787862798,,96.31469236614062
dataset2,uieb_421_img_.png,25,32.21793482269591,0.9609701469496336,,76.39311864453026
dataset2,uieb_421_img_.png,50,32.26613679880599,0.9641625098014267,,77.08583798703434
dataset2,uieb_421_img_.png,75,32.21565226350832,0.9653238976303623,,77.04691305520777
dataset2,uieb_421_img_.png,100,32.12335429648777,0.9663983038844933,,76.2277892928273
dataset2,uieb_425_img_.png,25,28.31640813936477,0.9082615577493885,,34.28145934840889
dataset2,uieb_425_img_.png,50,28.321316945102986,0.9153513305122775,,34.24711419112427
dataset2,uieb_425_img_.png,75,28.321918149837188,0.9192248778136971,,34.37995173188109
dataset2,uieb_425_img_.png,100,28.328899086443883,0.9219948357598433,,34.2120554446218
dataset2,uieb_463_img_.png,25,28.412184113688987,0.819949946643694,,51.10780240916248
dataset2,uieb_463_img_.png,50,28.421281185326485,0.8268862142087336,,50.93473080807973
dataset2,uieb_463_img_.png,75,28.42484876267219,0.8351627771524115,,50.729916700315606
dataset2,uieb_463_img_.png,100,28.394570401393366,0.8375731642233938,,49.418017782823114
dataset2,uieb_481_img_.png,25,28.205719727667663,0.8655159838451517,,55.08031181441963
dataset2,uieb_481_img_.png,50,28.19977936304172,0.88218499787836,,55.40946949705828
dataset2,uieb_481_img_.png,75,28.19711887491868,0.8862183090766785,,54.992109306423515
dataset2,uieb_481_img_.png,100,28.190433666102457,0.8854462890173398,,54.78713819230224
dataset2,uieb_485_img_.png,25,28.089278325728824,0.7758133098048632,,64.27504066528189
dataset2,uieb_485_img_.png,50,28.075349058545555,0.8109067370058486,,64.1845704353117
dataset2,uieb_485_img_.png,75,28.073429961630545,0.8253482042702556,,64.27749753009647
dataset2,uieb_485_img_.png,100,28.081249049849852,0.8333486635547469,,64.22029621694226
dataset2,uieb_489_img_.png,25,28.031591161302853,0.8882374447845266,,66.71084665637278
dataset2,uieb_489_img_.png,50,28.031545087161668,0.8993697320087153,,66.6939522326542
dataset2,uieb_489_img_.png,75,28.031329036191018,0.9066238967256164,,66.8003649630275
dataset2,uieb_489_img_.png,100,28.03198100553883,0.9122174284846342,,66.63451376251393
dataset2,uieb_503_img_.png,25,28.011500582587527,0.6885959168985641,,50.40968993178575
dataset2,uieb_503_img_.png,50,28.001543569730977,0.7248610263524635,,50.318806361419355
dataset2,uieb_503_img_.png,75,27.99900462404597,0.7504123818339987,,50.452725882574846
dataset2,uieb_503_img_.png,100,28.0032194251578,0.765819213074576,,50.326023704243525
dataset2,uieb_527_img_.png,25,27.93910129568804,0.8843879034732872,,47.74154478761229
dataset2,uieb_527_img_.png,50,27.93012861507978,0.8924158725140785,,48.265918060506
dataset2,uieb_527_img_.png,75,27.934822832525093,0.8972249856617039,,47.71700469967088
dataset2,uieb_527_img_.png,100,27.935321692952808,0.8988802888675256,,47.22219855427528
dataset2,uieb_52_img_.png,25,27.926469953244858,0.7798492948500065,,54.93485713041676
dataset2,uieb_52_img_.png,50,27.931675449535053,0.7655031499408042,,54.933618262963
dataset2,uieb_52_img_.png,75,27.922465528817778,0.7584962286156925,,54.951634549950995
dataset2,uieb_52_img_.png,100,27.862936185616228,0.7529225370007775,,54.359503277005174
dataset2,uieb_537_img_.png,25,27.72757938141801,0.8384529013060206,,62.780040477880455
dataset2,uieb_537_img_.png,50,27.735574009737913,0.8273341011340924,,62.4767013345243
dataset2,uieb_537_img_.png,75,27.735324712180685,0.8241826882302151,,62.38071353394297
dataset2,uieb_537_img_.png,100,27.739332355709237,0.8227493765304639,,61.63439721669056
dataset2,uieb_543_img_.png,25,27.81259919968552,0.8171901947428272,,55.45251471904225
dataset2,uieb_543_img_.png,50,27.7915125618711,0.8095505347751818,,55.488010661472885
dataset2,uieb_543_img_.png,75,27.798245934891813,0.8073438940940634,,55.41323746173659
dataset2,uieb_543_img_.png,100,27.80366220094987,0.8070987877741779,,54.9576669882958
dataset2,uieb_563_img_.png,25,28.04004808173762,0.6966029264675212,,87.41044658150398
dataset2,uieb_563_img_.png,50,28.098549725999366,0.7541198874980668,,87.38622081435116
dataset2,uieb_563_img_.png,75,28.085373422315307,0.7906962031978333,,87.33668100881653
dataset2,uieb_563_img_.png,100,28.0857664570455,0.8123006017820595,,87.22558300345102
dataset2,uieb_564_img_.png,25,28.160488480606475,0.786105987388711,,87.39195930130066
dataset2,uieb_564_img_.png,50,28.14988255316834,0.8441758789639185,,87.40706381246032
dataset2,uieb_564_img_.png,75,28.154354989675333,0.8695796205805784,,87.35768958372184
dataset2,uieb_564_img_.png,100,28.151292133627503,0.881250897703781,,87.25755322153655
dataset2,uieb_56_img_.png,25,27.927654852168878,0.8545483419460718,,87.00503324054253
dataset2,uieb_56_img_.png,50,27.932819447032955,0.8602276692346505,,87.07079422913708
dataset2,uieb_56_img_.png,75,27.93613819820022,0.862303682479967,,87.14427236669192
dataset2,uieb_56_img_.png,100,27.93540796884361,0.8605151771682047,,86.70917567780725
dataset2,uieb_581_img_.png,25,27.830215098367237,0.8324320343653486,,33.21530572734072
dataset2,uieb_581_img_.png,50,27.850786363601053,0.8564577879421073,,33.23337455354405
dataset2,uieb_581_img_.png,75,27.84517469435857,0.8739373624968793,,33.197698201854685
dataset2,uieb_581_img_.png,100,27.854312969248312,0.8827698817232535,,33.065593152564524
dataset2,uieb_586_img_.png,25,27.614288473886603,0.4854358991043546,,123.04178216247416
dataset2,uieb_586_img_.png,50,27.610992430278493,0.4906998462060014,,122.99945459117755
dataset2,uieb_586_img_.png,75,27.61145406971785,0.4971624875386568,,122.94964135040303
dataset2,uieb_586_img_.png,100,27.633519010757325,0.5000221579628144,,122.61934771677556
dataset2,uieb_596_img_.png,25,27.737078101714765,0.6440030979015097,,41.66678944514385
dataset2,uieb_596_img_.png,50,27.735488705393774,0.6418021394164926,,41.62648225066779
dataset2,uieb_596_img_.png,75,27.73440538200552,0.6455087523358567,,41.546295517876246
dataset2,uieb_596_img_.png,100,27.924154802780432,0.6470972866869257,,41.35408402292421
dataset2,uieb_597_img_.png,25,27.826327578997983,0.7800032194976456,,31.82365664256409
dataset2,uieb_597_img_.png,50,27.82572824424795,0.7753710900423004,,31.749401427360645
dataset2,uieb_597_img_.png,75,27.81986023950145,0.7767551992357498,,31.711593803760017
dataset2,uieb_597_img_.png,100,27.796751285249854,0.7775163964058077,,31.688222251860566
dataset2,uieb_606_img_.png,25,28.066679981789598,0.7641423640360466,,48.086829762982255
dataset2,uieb_606_img_.png,50,28.085816907737108,0.7730195976969013,,48.064218929066776
dataset2,uieb_606_img_.png,75,28.07178425852742,0.7815811548758475,,47.964627630347834
dataset2,uieb_606_img_.png,100,28.069378527566798,0.7850603258144895,,47.541647930932484
dataset2,uieb_607_img_.png,25,28.210625968848625,0.7499304007373057,,45.23617534482034
dataset2,uieb_607_img_.png,50,28.197208127093578,0.7740945217500991,,45.23135497705272
dataset2,uieb_607_img_.png,75,28.19088652143867,0.7952896875143669,,45.20684399167753
dataset2,uieb_607_img_.png,100,28.199955567405205,0.8029132144513582,,45.061526563700234
dataset2,uieb_608_img_.png,25,27.828786056668807,0.42459618403333677,,56.0692811701487
dataset2,uieb_608_img_.png,50,27.834960756741104,0.4510354284099056,,56.060985510649495
dataset2,uieb_608_img_.png,75,27.825333729589325,0.47280129185630076,,56.055298731721834
dataset2,uieb_608_img_.png,100,27.838937389944313,0.48590917693238844,,56.03990591075536
dataset2,uieb_614_img_.png,25,27.969163970779327,0.8030496744345548,,44.113420339489124
dataset2,uieb_614_img_.png,50,27.974174235481108,0.8141043111165027,,44.22347001314165
dataset2,uieb_614_img_.png,75,27.96065185338143,0.8208211210270944,,43.931759506806586
dataset2,uieb_614_img_.png,100,27.95543494689737,0.8247683895676443,,43.82550537913819
dataset2,uieb_618_img_.png,25,27.794530253178014,0.7280022883670996,,33.82548614018472
dataset2,uieb_618_img_.png,50,27.81040194309883,0.7265610699498906,,33.72578961856033
dataset2,uieb_618_img_.png,75,27.799111775749523,0.7294726798888556,,33.68465502958138
dataset2,uieb_618_img_.png,100,27.80050422682635,0.7317089485365563,,33.602083775225495
dataset2,uieb_626_img_.png,25,27.88451590923049,0.6715302486315913,,33.59958805041808
dataset2,uieb_626_img_.png,50,27.888625503676856,0.6545112885730991,,33.528304821674936
dataset2,uieb_626_img_.png,75,27.89440289790233,0.6548488312736845,,33.47679383239368
dataset2,uieb_626_img_.png,100,27.889601322290687,0.6565748136737775,,33.408685891515
dataset2,uieb_630_img_.png,25,27.905528391125806,0.7566404512344854,,30.09115430058923
dataset2,uieb_630_img_.png,50,27.921179672157827,0.7559800687458885,,30.089330491173598
dataset2,uieb_630_img_.png,75,27.923455321688117,0.7584157553145549,,30.04066931574816
dataset2,uieb_630_img_.png,100,27.91336328143376,0.7600751952062493,,29.97342565057989
dataset2,uieb_631_img_.png,25,27.89223677951856,0.8390207602639692,,29.57278470367821
dataset2,uieb_631_img_.png,50,27.893966496803802,0.8304275296211161,,29.486081918668447
dataset2,uieb_631_img_.png,75,27.881868461163833,0.8277133008524714,,29.36315750540028
dataset2,uieb_631_img_.png,100,27.890238395719035,0.8260985404230861,,28.42114688147751
dataset2,uieb_648_img_.png,25,28.623861440174526,0.9473220837911298,,56.5664224053841
dataset2,uieb_648_img_.png,50,28.61425066612647,0.9497891332583265,,56.59365068246754
dataset2,uieb_648_img_.png,75,28.616074160457664,0.9498310726187811,,56.714125206967154
dataset2,uieb_648_img_.png,100,28.613191334278763,0.945456057007773,,56.37580078718605
dataset2,uieb_654_img_.png,25,27.84013791373154,0.8623716346987848,,58.44717578932429
dataset2,uieb_654_img_.png,50,27.85094585033295,0.873909625251141,,58.41290439740532
dataset2,uieb_654_img_.png,75,27.849811812104406,0.8826531791553022,,58.56898760725447
dataset2,uieb_654_img_.png,100,27.849184897121454,0.8897838687128833,,58.458181494473145
dataset2,uieb_657_img_.png,25,27.74009322125068,0.9385415435134539,,41.755398260756195
dataset2,uieb_657_img_.png,50,27.732676358885392,0.9386861912638851,,41.75171682095969
dataset2,uieb_657_img_.png,75,27.738328390477122,0.9396569395123908,,41.79246684062345
dataset2,uieb_657_img_.png,100,27.745625305498468,0.9410393143318251,,41.40853909113061
dataset2,uieb_674_img_.png,25,29.277971719972456,0.9509878844224977,,36.21871921305094
dataset2,uieb_674_img_.png,50,29.285605004218258,0.9464019693657914,,36.18111369189189
dataset2,uieb_674_img_.png,75,29.28207733411437,0.9447846658093858,,36.08762406925528
dataset2,uieb_674_img_.png,100,29.2816395155157,0.9434080317296292,,35.61561224444663
dataset2,uieb_688_img_.png,25,28.180790093571687,0.9538351660945801,,31.120726601882048
dataset2,uieb_688_img_.png,50,28.180952716054936,0.9546532370481251,,30.902903759734947
dataset2,uieb_688_img_.png,75,28.188438238429107,0.9555652924778673,,30.97584924021669
dataset2,uieb_688_img_.png,100,28.202313389653053,0.9567836217630596,,30.493607384831066
dataset2,uieb_699_img_.png,25,32.430093749542934,0.9914131585725343,,9.063853699086629
dataset2,uieb_699_img_.png,50,32.45598630642138,0.9909517671592314,,9.197424634611586
dataset2,uieb_699_img_.png,75,32.4291075295829,0.9899929613803135,,9.268668693919622
dataset2,uieb_699_img_.png,100,32.40832076058481,0.9896492132116722,,8.96404551514032
dataset2,uieb_711_img_.png,25,27.97928917790971,0.7933802937395931,,75.47279691216313
dataset2,uieb_711_img_.png,50,27.981300392010283,0.8230777348625784,,75.45828050132084
dataset2,uieb_711_img_.png,75,27.987341229319455,0.839928672102807,,75.4218946915979
dataset2,uieb_711_img_.png,100,27.988606808778034,0.8488566661051247,,75.30629949246611
dataset2,uieb_720_img_.png,25,28.296357374925535,0.9062395030392122,,42.77191455121919
dataset2,uieb_720_img_.png,50,28.30060476296481,0.9011050186995581,,42.72781277714049
dataset2,uieb_720_img_.png,75,28.29816511394268,0.8988412122456992,,42.65102544158793
dataset2,uieb_720_img_.png,100,28.307185162010544,0.8972547898725272,,42.173546296566386
dataset2,uieb_754_img_.png,25,29.93684408846651,0.949271636778975,,31.561952810490688
dataset2,uieb_754_img_.png,50,29.93821903008291,0.9519177835432884,,31.84194186899559
dataset2,uieb_754_img_.png,75,29.936976675485806,0.9541934556421923,,31.446351741474928
dataset2,uieb_754_img_.png,100,29.92914535021889,0.9555909371486806,,31.02956720896823
dataset2,uieb_760_img_.png,25,27.803453130257033,0.9083840042719177,,13.781034322420595
dataset2,uieb_760_img_.png,50,27.803516893286982,0.9007178701033333,,14.47110758589357
dataset2,uieb_760_img_.png,75,27.81127655183409,0.8935436950505644,,13.394506698963902
dataset2,uieb_760_img_.png,100,27.839135580927135,0.8868408958934312,,11.489650833819105
dataset2,uieb_772_img_.png,25,28.067112185680596,0.8060910987522575,,35.82099538807221
dataset2,uieb_772_img_.png,50,28.068292946222307,0.8166815315479509,,35.74613129666675
dataset2,uieb_772_img_.png,75,28.06498658185928,0.8242439735065351,,35.73106557574512
dataset2,uieb_772_img_.png,100,28.0612891760354,0.826173532740431,,35.525212429169486
dataset2,uieb_775_img_.png,25,28.405927629280253,0.9279887425222574,,43.73918865211512
dataset2,uieb_775_img_.png,50,28.411780343788664,0.9274288556592405,,43.520942161325145
dataset2,uieb_775_img_.png,75,28.408746893226407,0.9276643322865608,,43.65733612331575
dataset2,uieb_775_img_.png,100,28.40702289604718,0.9284321137946688,,43.25859624195931
dataset2,uieb_786_img_.png,25,28.56296629663739,0.8866343613173389,,48.590843885506814
dataset2,uieb_786_img_.png,50,28.5599211117272,0.9035342352142322,,48.432327160264435
dataset2,uieb_786_img_.png,75,28.554159320361162,0.9123780745634161,,48.56695317673028
dataset2,uieb_786_img_.png,100,28.560542242533845,0.918257212174861,,48.45041935274883
dataset2,uieb_7916.png,25,28.14581519583486,0.7893836004289816,,82.26331959045726
dataset2,uieb_7916.png,50,28.142413871963345,0.8131498074182042,,82.25017345042232
dataset2,uieb_7916.png,75,28.136965761359335,0.8279787772262871,,82.32906495959958
dataset2,uieb_7916.png,100,28.127361922935545,0.8364713960128838,,82.10422009136937
dataset2,uieb_791_img_.png,25,28.641617490627965,0.9479930712928054,,61.28654126901745
dataset2,uieb_791_img_.png,50,28.649593190699377,0.9490659481065162,,61.136638648733204
dataset2,uieb_791_img_.png,75,28.6441854456446,0.9496718325450332,,61.149491249632874
dataset2,uieb_791_img_.png,100,28.632821556095614,0.9500023560298948,,60.46157347383998
dataset2,uieb_80_img_.png,25,27.93895026896328,0.8125797109930807,,47.71426888025044
dataset2,uieb_80_img_.png,50,27.92594073809034,0.8011329022274186,,47.77999635738086
dataset2,uieb_80_img_.png,75,27.933216756390497,0.7939855108218701,,47.422689171525406
dataset2,uieb_80_img_.png,100,27.989034297426908,0.78949634648835,,47.15108337922417
dataset2,uieb_818_img_.png,25,27.698929002182695,0.8679587936083641,,74.18264658042234
dataset2,uieb_818_img_.png,50,27.709598280510647,0.8792968561367739,,73.92153995262598
dataset2,uieb_818_img_.png,75,27.709750971895502,0.8861786766670252,,74.11627863031215
dataset2,uieb_818_img_.png,100,27.709900944674626,0.8912087835153935,,73.94520121535187
dataset2,uieb_8288.png,25,28.029074120719454,0.7343991617927422,,64.66863442476993
dataset2,uieb_8288.png,50,28.036323669070295,0.7595160730335307,,64.6725336521339
dataset2,uieb_8288.png,75,28.037598455776262,0.7749482678810186,,64.78103416829833
dataset2,uieb_8288.png,100,28.057066743150983,0.7828976289334233,,64.67979045394834
dataset2,uieb_832_img_.png,25,32.1669733534392,0.9956866369361707,,2.31884992261152
dataset2,uieb_832_img_.png,50,32.16877202100472,0.9946517913629762,,2.3058892665331783
dataset2,uieb_832_img_.png,75,32.163925614300894,0.9938442585809852,,2.1028641069552663
dataset2,uieb_832_img_.png,100,32.10009767012343,0.993103588385503,,3.7895365551159728
dataset2,uieb_834_img_.png,25,28.40743546306157,0.94398347709143,,40.72062467978922
dataset2,uieb_834_img_.png,50,28.40016787779538,0.9493322107970906,,40.71632756187869
dataset2,uieb_834_img_.png,75,28.402118534041886,0.9511122106905276,,40.79262141340394
dataset2,uieb_834_img_.png,100,28.395673193871186,0.9520843127255458,,40.79286713995336
dataset2,uieb_841.png,25,28.173264998998913,0.8451516835067088,,61.26200067782415
dataset2,uieb_841.png,50,28.177932805487572,0.8646954753893419,,61.26446459498995
dataset2,uieb_841.png,75,28.176434897373,0.8722821613633566,,61.385673173369376
dataset2,uieb_841.png,100,28.17630912497025,0.8761606225768069,,61.37602541165917
dataset2,uieb_843_img_.png,25,30.591456612322382,0.966277995097523,,29.24140769063024
dataset2,uieb_843_img_.png,50,30.60907993997344,0.9655106622716949,,29.21987693940953
dataset2,uieb_843_img_.png,75,30.60878903068238,0.9654455689712743,,29.26137243976394
dataset2,uieb_843_img_.png,100,30.53858175107482,0.9592351436881882,,29.0807366347303
dataset2,uieb_847_img_.png,25,27.838333382433063,0.7245213043122787,,54.068704771990426
dataset2,uieb_847_img_.png,50,27.82272670955021,0.7580951310243067,,53.78185197747756
dataset2,uieb_847_img_.png,75,27.825655258643486,0.782281672965673,,53.955661859392684
dataset2,uieb_847_img_.png,100,27.839028842923366,0.7947333849986445,,53.66114649097552
dataset2,uieb_856_img_.png,25,28.537800535885157,0.9508002568396904,,18.400135686927904
dataset2,uieb_856_img_.png,50,28.528714601059242,0.9456919407997114,,18.225958449648765
dataset2,uieb_856_img_.png,75,28.545743841683063,0.9419543296283905,,18.222207122223068
dataset2,uieb_856_img_.png,100,28.494913595786638,0.9368564465842063,,17.479571842822082
dataset2,uieb_862_img_.png,25,28.668302838705543,0.9467710893301408,,23.821273858360918
dataset2,uieb_862_img_.png,50,28.659945219026998,0.9489552824667297,,23.79694427184895
dataset2,uieb_862_img_.png,75,28.66029098624074,0.9499918599984006,,23.82840849523388
dataset2,uieb_862_img_.png,100,28.654283016093967,0.9507261026502367,,23.601479077781185
dataset2,uieb_871_img_.png,25,28.6232075132278,0.9024485077886396,,60.81270705043201
dataset2,uieb_871_img_.png,50,28.618576052887047,0.907945806975589,,60.66820940400087
dataset2,uieb_871_img_.png,75,28.611029146248406,0.9105211917664355,,60.78240951660903
dataset2,uieb_871_img_.png,100,28.59781447204584,0.9114667652199534,,60.47444008549102
dataset2,uieb_874_img_.png,25,27.708529440896683,0.6668372298706763,,75.27632604917198
dataset2,uieb_874_img_.png,50,27.716131337046765,0.6923962694738085,,75.2693828847954
dataset2,uieb_874_img_.png,75,27.7219089330705,0.6913880885704254,,75.4393761186679
dataset2,uieb_874_img_.png,100,27.746365689034,0.6620093737208635,,75.22706147247287
dataset2,uieb_887_img_.png,25,28.388895754870326,0.9691759141872891,,21.656474663246982
dataset2,uieb_887_img_.png,50,28.38327336157719,0.9646670452739711,,21.673210694305446
dataset2,uieb_887_img_.png,75,28.356453890422483,0.9626818411684461,,21.462054576693873
dataset2,uieb_887_img_.png,100,28.37939659887382,0.9618194350534556,,20.28233422340646
dataset2,uieb_893_img_.png,25,28.315042462210876,0.7977355231696843,,57.32518264105932
dataset2,uieb_893_img_.png,50,28.329974980155615,0.8228305992279438,,57.19707653708186
dataset2,uieb_893_img_.png,75,28.341343609833363,0.8358032911594168,,57.27965284666355
dataset2,uieb_893_img_.png,100,28.335913618986886,0.8401155974821568,,57.132885837496666
dataset2,uieb_908_img_.png,25,27.85968424494682,0.4396644240386883,,62.177585702106725
dataset2,uieb_908_img_.png,50,27.85997407194961,0.47228586227756136,,62.31206545630768
dataset2,uieb_908_img_.png,75,27.862041888498048,0.5035629573348209,,62.16774978216017
dataset2,uieb_908_img_.png,100,27.86458026228886,0.5160372667885396,,62.18413440743264
dataset2,uieb_9554.png,25,28.117083452263042,0.80733862841038,,39.79506480044797
dataset2,uieb_9554.png,50,28.11875396566412,0.820305988371406,,39.785954857174126
dataset2,uieb_9554.png,75,28.118025371468075,0.828602609186404,,39.56221051281372
dataset2,uieb_9554.png,100,28.117906475371555,0.8338497980738622,,39.49294256170901
dataset2,uieb_97_img_.png,25,27.753263840642322,0.49792890892614305,,52.16095348267362
dataset2,uieb_97_img_.png,50,27.74864747997284,0.5059828727381441,,52.13884346578894
dataset2,uieb_97_img_.png,75,27.75070889447037,0.5171389306537586,,51.80747921150402
dataset2,uieb_97_img_.png,100,27.73328092142924,0.521208992203436,,51.53899753882183
dataset2,uieb_9896.png,25,28.30943713786383,0.7900442432429055,,55.888215750284004
dataset2,uieb_9896.png,50,28.276895211783646,0.8060749383010501,,55.98304802468208
dataset2,uieb_9896.png,75,28.282827336006292,0.819059615102703,,56.017213971359105
dataset2,uieb_9896.png,100,28.287785197557184,0.8257809630039199,,55.796351853430906
dataset2,uieb_98_img_.png,25,27.84295734756803,0.8851898865261635,,67.68467935241834
dataset2,uieb_98_img_.png,50,27.852173670357956,0.8957992796337334,,67.70005377175895
dataset2,uieb_98_img_.png,75,27.844188802770166,0.8978341626420855,,67.69126497899491
dataset2,uieb_98_img_.png,100,27.840802143462327,0.8971308556974774,,67.18107925143048
