dataset,filename,type,PSNR,SSIM,BRISQUE,NIQE,time
dataset1,1.png,processed,27.87029294855545,0.5186140333575677,26.824507172247166,112.76918264780525,0.011070966720581055
dataset1,111.png,processed,28.241116099708997,0.4050473167867301,19.940779620979214,130.31775160266147,0.0009942054748535156
dataset1,146.png,processed,27.97576830928715,0.5049092597798694,18.674314414494546,122.57171816570656,0.0010004043579101562
dataset1,179.png,processed,28.02068438404603,0.7800833338225274,25.836098204344324,129.50983004415252,0.0009992122650146484
dataset1,22.png,processed,28.275207881640018,0.43718536765564586,20.7954358701472,125.95924348691412,0.0
dataset1,23.png,processed,27.694531654230552,0.22653067192414428,24.67708828755778,150.03391739966793,0.0010018348693847656
dataset1,493.png,processed,28.319972513681492,0.3797463094296109,13.881715800739329,157.58395706550294,0.0
dataset1,547.png,processed,27.493970443788083,0.48871185460561994,13.65411629280672,137.65671440897512,0.0
dataset1,55.png,processed,27.681214029474866,0.23290696041341413,25.742540634272444,146.97320674044016,0.0010035037994384766
dataset1,665.png,processed,27.77677880910052,0.2674670870810426,25.77160858543786,157.24175024458913,0.000990152359008789
dataset1,669.png,processed,27.61081194825745,0.4199627001346214,23.03711332371924,132.3509595911682,0.0009648799896240234
dataset1,748.png,processed,27.55241052243764,0.5185733465215193,27.856880603154394,141.19266991699067,0.0011212825775146484
dataset1,778.png,processed,27.812546637939562,0.30733546179395793,19.378343032082938,152.12660801784335,0.0010859966278076172
dataset1,780.png,processed,27.45539939837024,0.553953501278194,31.04273582075413,142.202507734267,0.0010104179382324219
dataset1,79.png,processed,28.46695458704533,0.4271144678277187,20.009409575042554,122.38617104691265,0.0010020732879638672
dataset2,uieb_10945.png,processed,27.639058402861394,0.9028649991502272,46.141867302137,59.87654153436589,0.0010027885437011719
dataset2,uieb_112_img_.png,processed,27.678618321874445,0.9133387250225948,17.818571000213268,43.80357578548116,0.012003660202026367
dataset2,uieb_117_img_.png,processed,28.04126418379862,0.9199016341603546,7.80950351432827,22.401478295575885,0.001986265182495117
dataset2,uieb_120_img_.png,processed,27.990301724717455,0.8308818388470511,12.509627826300147,36.66659427123168,0.0010025501251220703
dataset2,uieb_12324.png,processed,27.815469944212445,0.7100983993127635,26.97779673265788,74.57170556810622,0.0039980411529541016
dataset2,uieb_140_img_.png,processed,28.04672597609978,0.9199659745900458,14.882483404445082,48.66402711595329,0.004100799560546875
dataset2,uieb_151_img_.png,processed,28.014255565857948,0.94204791063873,7.165202815125866,49.186860940878475,0.0024728775024414062
dataset2,uieb_152_img_.png,processed,27.682653555849598,0.9201327471909203,22.35943792730606,26.369589497102695,0.0009582042694091797
dataset2,uieb_177_img_.png,processed,28.229250275395522,0.8840599282654698,15.92243323503314,25.962368423859587,0.0030291080474853516
dataset2,uieb_18_img_.png,processed,27.97958091234609,0.8038931405745734,14.428255706623276,38.59977860812504,0.001985311508178711
dataset2,uieb_191_img_.png,processed,27.87217771720263,0.8214052473676435,12.597950157792383,24.08857902845177,0.002229452133178711
dataset2,uieb_192_img_.png,processed,28.39134909502394,0.9397308828493187,10.745987040370181,20.45008240408489,0.0012345314025878906
dataset2,uieb_206_img_.png,processed,29.178292935844592,0.9577297065590545,26.810106170158832,22.709444634337487,0.0010004043579101562
dataset2,uieb_236_img_.png,processed,28.271830632335405,0.8887853809235841,20.328841173481777,27.523001628202742,0.0030002593994140625
dataset2,uieb_265_img_.png,processed,28.108129826784584,0.8703475380482736,5.594851567424229,36.74387730650019,0.0010442733764648438
dataset2,uieb_26_img_.png,processed,27.89056673502865,0.8738075474294419,16.297621842579105,45.984503372837,0.0009992122650146484
dataset2,uieb_28_img_.png,processed,27.990138313200053,0.8275845585496162,33.377314522392425,8.199368438382322,0.0063419342041015625
dataset2,uieb_305_img_.png,processed,27.94939864812453,0.9439287377304215,16.236296071618852,46.66249324403707,0.0010213851928710938
dataset2,uieb_3202.png,processed,27.744408424506855,0.9182807114603189,56.48331277470854,67.90153993061028,0.005014657974243164
dataset2,uieb_343_img_.png,processed,28.270004972811506,0.9499067188745544,12.39530744976284,26.314113109855086,0.0014891624450683594
dataset2,uieb_346_img_.png,processed,28.05007434210218,0.9183665170893691,15.254499649149892,10.944076525087276,0.0010044574737548828
dataset2,uieb_348_img_.png,processed,28.14512217581321,0.9360258232484221,3.8094898887454463,45.29443028186481,0.0
dataset2,uieb_353_img_.png,processed,28.029831846342187,0.9308329407179686,27.95348409405935,34.45988516284941,0.0
dataset2,uieb_367_img_.png,processed,27.95091789870426,0.8755541868582256,14.762255582024153,9.566279557249885,0.0
dataset2,uieb_387_img_.png,processed,27.785277515893597,0.8705706633142548,41.113215523411526,87.63383139919512,0.001955747604370117
dataset2,uieb_393_img_.png,processed,28.113363432097735,0.9397686039201927,39.862641635104154,21.377642839434422,0.0019996166229248047
dataset2,uieb_406_img_.png,processed,27.725232396082788,0.9174120334364034,31.49892054303811,41.10752794180293,0.001001596450805664
dataset2,uieb_415_img_.png,processed,28.001684437270143,0.8955757665491447,38.055081125629584,41.50419184480085,0.0030181407928466797
dataset2,uieb_417_img_.png,processed,28.113815036457762,0.9367244765874752,22.600291399407723,52.63209817300393,0.0021402835845947266
dataset2,uieb_419_img_.png,processed,27.857244172353056,0.888202939368417,26.950461568986356,60.840495162668454,0.0019690990447998047
dataset2,uieb_421_img_.png,processed,28.15798080327893,0.8316172529701518,12.112904727128551,44.05935093209521,0.0
dataset2,uieb_425_img_.png,processed,27.838529080670025,0.9139614044048291,20.581401468823714,22.023453231994495,0.0009937286376953125
dataset2,uieb_463_img_.png,processed,28.182504668766054,0.974734275413241,18.00934768019917,23.584129428379477,0.0
dataset2,uieb_481_img_.png,processed,27.901367267927846,0.9217570077010623,30.11810616804061,44.34466699791977,0.0009965896606445312
dataset2,uieb_485_img_.png,processed,27.956986961701034,0.9221287905299808,44.96495275356594,55.932623903451514,0.0049953460693359375
dataset2,uieb_489_img_.png,processed,28.09981246394347,0.928501951474101,23.54936608889213,27.160220846004435,0.009000062942504883
dataset2,uieb_503_img_.png,processed,28.294263727806804,0.9188755928077117,24.808426674519723,37.34533982576875,0.003022909164428711
dataset2,uieb_527_img_.png,processed,28.355859292683427,0.9522029407357248,14.84286619435963,26.214383191510613,0.0019986629486083984
dataset2,uieb_52_img_.png,processed,28.220911765580517,0.9393321817921875,57.088130311277126,20.35457635969771,0.0009849071502685547
dataset2,uieb_537_img_.png,processed,28.006143593687153,0.861841922295962,19.512695103137702,33.04630146190109,0.0010006427764892578
dataset2,uieb_543_img_.png,processed,27.97814090692528,0.8501913256285609,39.17984382683355,34.362459432232285,0.0009980201721191406
dataset2,uieb_563_img_.png,processed,28.13081099908198,0.9314392152850394,30.657864536117557,70.73816517314815,0.0
dataset2,uieb_564_img_.png,processed,27.963624150641845,0.927982891317539,30.0607577703706,77.10315797034868,0.0009586811065673828
dataset2,uieb_56_img_.png,processed,28.17431614771216,0.9249250763323421,34.92852303560923,57.94288735711189,0.000995635986328125
dataset2,uieb_581_img_.png,processed,28.580279669062854,0.9758009519990516,30.528059351526025,34.25269168736942,0.0010111331939697266
dataset2,uieb_586_img_.png,processed,27.67310793614196,0.8867819407411381,28.904103882154203,81.78243003336661,0.0009968280792236328
dataset2,uieb_596_img_.png,processed,28.190368309647443,0.8913452227029127,26.249221823499028,24.194443221124644,0.0009906291961669922
dataset2,uieb_597_img_.png,processed,28.032716382829058,0.862085612279892,28.10831107531496,14.559966320627233,0.000997781753540039
dataset2,uieb_606_img_.png,processed,28.175270689666224,0.980291974401993,26.108956280239425,25.067980032403007,0.0
dataset2,uieb_607_img_.png,processed,28.546942875843705,0.9613507013698157,34.99756628564623,32.85279272936715,0.0009853839874267578
dataset2,uieb_608_img_.png,processed,27.869433834392506,0.7558488717493935,36.41430545533942,40.80780807421489,0.0009942054748535156
dataset2,uieb_614_img_.png,processed,28.107561508504322,0.8948240654922726,21.58699314031648,26.527909149589,0.0
dataset2,uieb_618_img_.png,processed,27.850536277886036,0.8623901151692256,30.637094938867193,22.29680887152896,0.001001119613647461
dataset2,uieb_626_img_.png,processed,28.252073201223578,0.9175271331683857,15.9147151423401,19.104468572862785,0.0012240409851074219
dataset2,uieb_630_img_.png,processed,27.81125601180632,0.8240241854137823,25.69117467973203,17.93274460540941,0.002039670944213867
dataset2,uieb_631_img_.png,processed,27.871856093218895,0.8779174490455132,21.181361709128595,15.166449200630616,0.0
dataset2,uieb_648_img_.png,processed,28.244583717906792,0.8832205210101051,10.040724009417062,37.85850851755543,0.002985239028930664
dataset2,uieb_654_img_.png,processed,28.2065872281018,0.9196333672772272,38.31918579452096,28.05630342694898,0.0061419010162353516
dataset2,uieb_657_img_.png,processed,28.195048228817843,0.9000553285912856,18.8212948767775,19.036427592766877,0.009004592895507812
dataset2,uieb_674_img_.png,processed,28.052990352812955,0.9097414095575617,34.068738855949704,12.224722141963916,0.014438152313232422
dataset2,uieb_688_img_.png,processed,28.189830116059685,0.9272437208980064,26.99821476662939,15.531133147154478,0.016801834106445312
dataset2,uieb_699_img_.png,processed,27.881258777662474,0.8030809835710526,34.180382302353536,13.048342734207466,0.0039997100830078125
dataset2,uieb_711_img_.png,processed,28.205834504309255,0.9391462202028855,32.37056008225292,58.287087826594075,0.007169008255004883
dataset2,uieb_720_img_.png,processed,27.834832892859996,0.8744410626860621,36.06545815652564,19.23775385886419,0.01302194595336914
dataset2,uieb_754_img_.png,processed,27.774165789865826,0.8482098178900992,38.42401267012494,22.726768756395963,0.005180835723876953
dataset2,uieb_760_img_.png,processed,28.51339625469044,0.9428122325009782,14.999235364894702,4.126545772560604,0.003217935562133789
dataset2,uieb_772_img_.png,processed,28.01758104322065,0.9230198613822543,34.35234740998814,35.31724978645312,0.013911247253417969
dataset2,uieb_775_img_.png,processed,28.107475985902205,0.8843643110022316,35.98221777623391,19.906145046924046,0.011554241180419922
dataset2,uieb_786_img_.png,processed,27.854506216352064,0.9037521492531546,36.476236080879715,37.827852454756005,0.0065021514892578125
dataset2,uieb_7916.png,processed,28.21583815331254,0.9329261278431071,14.787345808644858,56.05232723584942,0.0029938220977783203
dataset2,uieb_791_img_.png,processed,28.420530383775322,0.9144041378934349,36.75494958198371,40.19040866000217,0.0029451847076416016
dataset2,uieb_80_img_.png,processed,28.049547833984462,0.8657306596404667,19.369279871407997,14.066984259436843,0.0010008811950683594
dataset2,uieb_818_img_.png,processed,27.943490149197928,0.9131124802689736,41.87287368442114,42.11787261692596,0.014006853103637695
dataset2,uieb_8288.png,processed,27.61798439228817,0.8585133340143469,21.258299266405373,38.32497689822228,0.0039997100830078125
dataset2,uieb_832_img_.png,processed,27.98644783383193,0.871345511423179,16.96626577970639,15.20319459080163,0.009985685348510742
dataset2,uieb_834_img_.png,processed,27.96722863821944,0.91312187627244,65.14299721736344,41.69529045446537,0.005006074905395508
dataset2,uieb_841.png,processed,28.040164120474877,0.8711902597115879,52.947104338157004,52.78800020970541,0.004994392395019531
dataset2,uieb_843_img_.png,processed,27.80591213568861,0.8280127234307584,29.154620715399886,25.900141741815872,0.0019559860229492188
dataset2,uieb_847_img_.png,processed,27.93855083751911,0.9091348063016053,11.77472417880901,46.11964089576772,0.0009806156158447266
dataset2,uieb_856_img_.png,processed,28.282698024843423,0.8793421942923829,14.514644265420173,10.036569236820952,0.0009608268737792969
dataset2,uieb_862_img_.png,processed,28.003711067386284,0.9012925258907707,14.258717500852725,13.02533241997424,0.0073239803314208984
dataset2,uieb_871_img_.png,processed,28.113029988427563,0.9284292014909113,42.878455068307375,17.42206614879933,0.00600123405456543
dataset2,uieb_874_img_.png,processed,28.167009888793867,0.8933479436103455,25.982568358891257,60.60685691089169,0.006001472473144531
dataset2,uieb_887_img_.png,processed,28.01518459070018,0.8865041465681185,7.840062328910079,4.178206108950107,0.0010924339294433594
dataset2,uieb_893_img_.png,processed,28.080034382454624,0.9369571074473082,10.41455447016753,35.316296154040074,0.0009996891021728516
dataset2,uieb_908_img_.png,processed,27.936361739088774,0.7895132980219481,34.83108763379525,42.09917025059451,0.004117250442504883
dataset2,uieb_9554.png,processed,27.985164601985637,0.934371270127618,18.951755304021134,21.55827244782958,0.004002809524536133
dataset2,uieb_97_img_.png,processed,28.095758766631054,0.8218935559569766,8.65687576296179,31.221816968008582,0.002452850341796875
dataset2,uieb_9896.png,processed,27.769036057694237,0.9673223548203566,21.567672661168416,28.804419840054464,0.00099945068359375
dataset2,uieb_98_img_.png,processed,27.9486144422015,0.9270882311934258,11.670287523075984,44.40047153816079,0.0010144710540771484
